 ,Area,Min,Max,Median,Slice
1,50,13486,13704,13632,185
2,50,13576,13730,13663,186
3,50,13560,13753,13649,187
4,50,13587,13740,13673,188
5,50,13580,13756,13690,189
6,50,13556,13737,13675,190
7,50,13555,13739,13670,191
8,50,13570,13738,13678,192
9,50,13582,13749,13694,193
10,50,13566,13745,13672,194
11,50,13574,13737,13663,195
12,50,13536,13709,13617,196
13,50,13563,13716,13647,197
14,50,13548,13720,13641,198
15,50,13557,13733,13657,199
16,50,13521,13718,13627,200
17,50,13498,13693,13602,201
18,50,13507,13713,13603,202
19,50,13484,13696,13593,203
20,50,13513,13690,13600,204
21,50,13495,13660,13607,205
22,50,13601,13914,13763,210
23,50,13634,13930,13756,244
24,50,13643,13943,13783,245
25,50,13627,13914,13750,246
26,50,13649,13895,13766,247
27,50,13617,13866,13745,248
28,50,13658,13939,13783,249
29,50,13610,13914,13736,250
30,50,13604,13891,13738,251
31,50,13628,13894,13747,252
32,50,13614,13886,13737,253
33,50,13593,13834,13741,254
34,50,13584,13869,13735,255
35,50,13600,13881,13727,256
36,50,13634,13918,13749,272
37,50,13606,13878,13738,273
38,50,13624,13966,13767,274
39,50,13628,13914,13765,275
40,50,13631,13912,13772,276
41,50,13621,13904,13757,277
42,50,13638,13893,13754,278
43,50,13589,13882,13750,279
44,50,13629,13925,13769,280
45,50,13633,13946,13767,281
46,50,13626,13931,13766,282
47,50,13610,13872,13753,283
48,50,13608,13923,13757,284
49,50,13626,13929,13769,285
50,50,13571,13926,13750,286
51,50,13540,13854,13732,287
52,50,13535,13837,13709,288
53,50,13402,13765,13667,289
54,50,13550,13842,13719,290
55,50,13557,13868,13716,291
56,50,13548,13858,13716,292
57,50,13549,13859,13713,293
58,50,13527,13819,13713,294
59,50,13556,13840,13698,295
60,50,13588,13841,13712,296
61,50,13551,13841,13709,297
62,50,13576,13881,13737,298
63,50,13514,13821,13707,299
64,50,13563,13862,13708,300
65,50,13511,13830,13709,301
66,50,13539,13850,13720,302
67,50,13537,13832,13724,303
68,50,13571,13812,13720,304
69,50,13534,13814,13682,305
70,50,13550,13812,13699,306
71,50,13545,13847,13715,307
72,50,13582,13855,13685,309
73,50,13559,13819,13723,310
74,50,13539,13810,13709,311
75,50,13587,13798,13718,312
76,50,13551,13814,13722,313
77,50,13590,13803,13734,314
78,50,13606,13810,13742,315
79,50,13584,13815,13742,316
80,50,13603,13846,13747,317
81,50,13586,13830,13751,318
82,50,13571,13842,13736,319
83,50,13574,13837,13756,320
84,50,13579,13834,13748,321
85,50,13577,13828,13743,322
86,50,13542,13830,13731,323
87,50,13542,13827,13742,324
88,50,13525,13831,13754,325
89,50,13566,13839,13753,326
90,50,13612,13841,13783,327
91,50,13640,13839,13790,328
92,50,13601,13858,13774,329
93,50,13589,13839,13770,330
94,50,13660,13845,13786,331
95,50,13658,13845,13803,332
96,50,13641,13862,13802,333
97,50,13628,13841,13794,334
98,50,13612,13850,13783,335
99,50,13642,13834,13790,336
100,50,13624,13835,13789,337
101,50,13661,13826,13785,338
102,50,13647,13815,13773,339
103,50,13581,13799,13745,340
104,50,13577,13809,13758,341
105,50,13577,13804,13755,342
106,50,13578,13796,13751,343
107,50,13545,13809,13743,344
108,50,13581,13805,13740,345
109,50,13575,13795,13734,346
110,50,13573,13832,13766,347
111,50,13663,13852,13780,348
112,50,13651,13856,13785,349
113,50,13655,13844,13794,350
114,50,13643,13858,13793,351
115,50,13657,13860,13809,352
116,50,13662,13870,13814,353
117,50,13662,13872,13826,354
118,50,13630,13881,13816,355
119,50,13645,13877,13815,356
120,50,13628,13881,13812,357
121,50,13646,13872,13800,358
122,50,13619,13867,13807,359
123,50,13614,13872,13805,360
124,50,13592,13862,13794,361
125,50,13593,13872,13785,362
126,50,13572,13867,13763,363
127,50,13550,13851,13730,364
128,50,13620,13847,13767,365
129,50,13587,13825,13743,366
130,50,13592,13828,13747,367
131,50,13617,13837,13767,368
132,50,13603,13809,13757,369
133,50,13533,13779,13753,370
134,50,13552,13790,13727,371
135,50,13555,13792,13680,373
136,50,13563,13818,13683,374
137,50,13531,13807,13687,375
138,50,13525,13789,13684,376
139,50,13546,13817,13703,377
140,50,13554,13838,13704,378
141,50,13549,13850,13704,379
142,50,13545,13865,13693,380
143,50,13518,13865,13690,381
144,50,13584,13893,13791,382
145,50,13542,13940,13769,383
146,50,13612,13913,13798,384
147,50,13600,13916,13783,385
148,50,13584,13908,13759,386
149,50,13589,13904,13760,387
150,50,13587,13895,13773,388
151,50,13591,13903,13761,389
152,50,13591,13917,13761,390
153,50,13573,13905,13741,391
154,50,13560,13897,13746,392
155,50,13624,13917,13813,393
156,50,13637,13922,13829,394
157,50,13652,13933,13853,395
158,50,13636,13941,13765,396
159,50,13629,13918,13774,397
160,50,13697,13956,13877,398
161,50,13637,13924,13773,399
162,50,13615,13917,13782,400
163,50,13624,13915,13794,401
164,50,13613,13882,13774,402
165,50,13603,13894,13748,403
166,50,13568,13901,13725,404
167,50,13565,13850,13735,405
168,50,13559,13860,13737,406
169,50,13555,13854,13711,407
170,50,13532,13860,13708,408
171,50,13524,13855,13703,409
172,50,13578,13852,13713,410
173,50,13578,13874,13721,411
174,50,13584,13874,13723,412
175,50,13589,13886,13748,413
176,50,13612,13903,13761,414
177,50,13568,13877,13720,415
178,50,13533,13849,13722,416
179,50,13522,13828,13719,417
180,50,13550,13835,13731,418
181,50,13550,13875,13783,419
182,50,13564,13869,13780,420
183,50,13569,13935,13828,421
184,50,13579,13876,13816,422
185,50,13616,13911,13775,423
186,50,13666,13924,13855,424
187,50,13594,13908,13785,425
188,50,13631,13956,13769,426
189,50,13597,13917,13774,427
190,50,13618,13900,13767,428
191,50,13653,13946,13813,429
192,50,13636,13935,13763,430
193,50,13637,13920,13802,431
194,50,13624,13907,13790,432
195,50,13633,13902,13804,433
196,50,13629,13936,13786,434
197,50,13632,13918,13826,435
198,50,13615,13914,13751,436
199,50,13628,13911,13812,437
200,50,13599,13907,13745,438
201,50,13609,13914,13739,439
202,50,13591,13906,13735,440
203,50,13607,13898,13729,441
204,50,13581,13921,13754,442
205,50,13587,13903,13792,443
206,50,13642,13896,13756,444
207,50,13615,13888,13743,445
208,50,13603,13872,13724,446
209,50,13526,13836,13684,447
210,50,13488,13842,13667,448
211,50,13477,13807,13626,449
212,50,13427,13691,13520,450
213,50,13441,13672,13511,451
214,50,13421,13681,13524,452
215,50,13416,13692,13511,453
216,50,13434,13728,13510,454
217,50,13410,13657,13495,455
218,50,13409,13746,13502,456
219,50,13401,13700,13504,457
220,50,13405,13737,13534,458
221,50,13404,13739,13521,459
222,50,13408,13669,13488,460
223,50,13387,13758,13518,461
224,50,13379,13742,13512,462
225,50,13383,13741,13518,463
226,50,13397,13755,13588,464
227,50,13382,13736,13519,465
228,50,13412,13751,13519,466
229,50,13422,13750,13551,467
230,50,13426,13772,13516,468
231,50,13423,13755,13510,469
232,50,13470,13812,13640,470
233,50,13532,13830,13720,471
234,50,13413,13790,13577,472
235,50,13467,13818,13645,473
236,50,13465,13796,13637,474
237,50,13469,13810,13624,475
238,50,13439,13807,13604,476
239,50,13453,13824,13613,477
240,50,13457,13806,13621,478
241,50,13438,13743,13532,479
242,50,13440,13782,13604,480
243,50,13467,13784,13603,481
244,50,13426,13774,13601,482
245,50,13458,13835,13616,483
246,50,13463,13836,13648,484
247,50,13449,13832,13613,485
248,50,13456,13813,13604,486
249,50,13445,13765,13565,487
250,50,13463,13784,13563,488
251,50,13460,13823,13587,489
252,50,13445,13763,13565,490
253,50,13449,13823,13580,491
254,50,13462,13819,13593,492
255,50,13475,13812,13620,493
256,50,13490,13824,13606,494
257,50,13499,13833,13623,495
258,50,13495,13813,13613,496
259,50,13484,13849,13632,497
260,50,13482,13850,13644,498
261,50,13488,13840,13643,499
262,50,13477,13842,13643,500
263,50,13472,13818,13638,501
264,50,13452,13800,13603,502
265,50,13423,13777,13570,503
266,50,13413,13777,13570,504
267,50,13402,13777,13553,505
268,50,13393,13785,13583,506
269,50,13444,13793,13631,507
270,50,13433,13773,13611,508
271,50,13398,13766,13570,509
272,50,13407,13775,13607,510
273,50,13422,13810,13625,511
274,50,13433,13814,13665,512
275,50,13454,13809,13672,513
276,50,13435,13797,13600,514
277,50,13431,13786,13618,515
278,50,13460,13807,13632,516
279,50,13509,13859,13721,517
280,50,13524,13840,13701,518
281,50,13536,13858,13694,519
282,50,13494,13870,13671,520
283,50,13444,13829,13650,521
284,50,13436,13827,13637,522
285,50,13453,13799,13647,523
286,50,13419,13795,13649,524
287,50,13415,13806,13625,525
288,50,13411,13793,13610,526
289,50,13449,13781,13628,527
290,50,13462,13780,13609,528
291,50,13443,13775,13592,529
292,50,13419,13761,13561,530
293,50,13372,13767,13569,531
294,50,13390,13790,13582,532
295,50,13396,13763,13569,533
296,50,13408,13785,13584,534
297,50,13421,13787,13565,535
298,50,13437,13780,13621,536
299,50,13423,13777,13548,537
300,50,13442,13802,13561,538
301,50,13473,13814,13633,539
302,50,13453,13823,13625,540
303,50,13461,13828,13588,541
304,50,13512,13825,13650,542
305,50,13502,13809,13616,543
306,50,13499,13812,13635,544
307,50,13483,13817,13614,545
308,50,13481,13811,13636,546
309,50,13488,13858,13634,547
310,50,13483,13846,13628,548
311,50,13575,13869,13789,549
312,50,13597,13867,13804,550
313,50,13612,13872,13795,551
314,50,13576,13872,13779,552
315,50,13552,13870,13760,553
316,50,13583,13885,13799,554
317,50,13546,13839,13690,555
318,50,13552,13857,13713,556
319,50,13508,13840,13646,557
320,50,13503,13843,13659,558
321,50,13472,13820,13582,559
322,50,13557,13852,13737,560
323,50,13575,13827,13736,561
324,50,13639,13874,13779,562
325,50,13593,13836,13773,563
326,50,13627,13832,13780,564
327,50,13548,13807,13740,565
328,50,13532,13805,13738,566
329,50,13532,13797,13713,567
330,50,13525,13794,13709,568
331,50,13494,13779,13673,569
332,50,13487,13780,13672,570
333,50,13486,13775,13679,571
334,50,13491,13770,13678,572
335,50,13467,13767,13673,573
336,50,13506,13762,13675,574
337,50,13478,13750,13672,575
338,50,13471,13751,13660,576
339,50,13491,13752,13687,577
340,50,13515,13753,13702,578
341,50,13482,13755,13678,579
342,50,13555,13767,13711,580
343,50,13478,13776,13675,581
344,50,13561,13790,13712,582
345,50,13569,13797,13715,583
346,50,13578,13813,13731,584
347,50,13571,13812,13723,585
348,50,13530,13812,13729,586
349,50,13563,13824,13754,587
350,50,13542,13812,13749,588
351,50,13546,13822,13737,589
352,50,13532,13829,13727,590
353,50,13550,13824,13720,591
354,50,13575,13835,13728,592
355,50,13537,13840,13708,593
356,50,13580,13852,13757,594
357,50,13572,13859,13749,595
358,50,13590,13847,13781,596
359,50,13578,13841,13742,597
360,50,13573,13838,13775,598
361,50,13559,13844,13773,599
362,50,13562,13840,13785,600
363,50,13544,13842,13779,601
364,50,13571,13845,13773,602
365,50,13648,13853,13806,603
366,50,13638,13830,13787,604
367,50,13625,13833,13787,605
368,50,13580,13832,13766,606
369,50,13559,13825,13739,607
370,50,13588,13839,13746,608
371,50,13611,13820,13778,609
372,50,13585,13809,13744,610
373,50,13601,13806,13757,611
374,50,13557,13814,13755,612
375,50,13552,13810,13747,613
376,50,13548,13802,13737,614
377,50,13512,13809,13713,615
378,50,13514,13771,13716,616
379,50,13527,13765,13701,617
380,50,13531,13772,13709,618
381,50,13513,13776,13702,619
382,50,13498,13756,13702,620
383,50,13502,13757,13690,621
384,50,13453,13769,13662,622
385,50,13453,13762,13639,623
386,50,13460,13748,13641,624
387,50,13481,13757,13652,625
388,50,13472,13762,13638,626
389,50,13476,13746,13654,627
390,50,13466,13768,13639,628
391,50,13488,13777,13654,629
392,50,13506,13799,13663,630
393,50,13523,13806,13704,631
394,50,13524,13814,13727,632
395,50,13550,13833,13728,633
396,50,13525,13819,13725,634
397,50,13521,13820,13724,635
398,50,13525,13824,13737,636
399,50,13527,13824,13744,637
400,50,13540,13826,13737,638
401,50,13559,13812,13740,639
402,50,13569,13833,13752,640
403,50,13576,13826,13735,641
404,50,13561,13826,13729,642
405,50,13578,13832,13751,643
406,50,13553,13834,13705,644
407,50,13546,13844,13717,645
408,50,13562,13845,13740,646
409,50,13569,13847,13755,647
410,50,13577,13843,13763,648
411,50,13591,13839,13772,649
412,50,13608,13850,13778,650
413,50,13605,13852,13796,651
414,50,13593,13837,13784,652
415,50,13566,13837,13753,653
416,50,13613,13850,13787,654
417,50,13606,13855,13777,655
418,50,13583,13850,13766,656
419,50,13590,13846,13763,657
420,50,13599,13830,13765,658
421,50,13587,13830,13776,659
422,50,13586,13839,13773,660
423,50,13575,13833,13771,661
424,50,13589,13824,13770,662
425,50,13578,13843,13767,663
426,50,13579,13826,13769,664
427,50,13586,13825,13773,665
428,50,13621,13824,13788,666
429,50,13583,13837,13760,667
430,50,13589,13845,13771,668
431,50,13578,13831,13760,669
432,50,13563,13820,13745,670
433,50,13554,13795,13737,671
434,50,13537,13805,13725,672
435,50,13536,13795,13693,673
436,50,13447,13781,13673,674
437,50,13440,13782,13668,675
438,50,13543,13798,13713,676
439,50,13518,13793,13692,677
440,50,13531,13788,13721,678
441,50,13532,13778,13721,679
442,50,13561,13800,13736,680
443,50,13556,13820,13739,681
444,50,13603,13837,13780,682
445,50,13554,13834,13760,683
446,50,13548,13837,13743,684
447,50,13540,13873,13736,685
448,50,13622,13855,13797,686
449,50,13573,13874,13763,687
450,50,13608,13870,13785,688
451,50,13618,13870,13776,689
452,50,13612,13885,13799,690
453,50,13602,13875,13794,691
454,50,13609,13883,13810,692
455,50,13563,13872,13786,693
456,50,13577,13873,13800,694
457,50,13601,13871,13815,695
458,50,13617,13856,13799,696
459,50,13640,13855,13810,697
460,50,13591,13857,13770,698
461,50,13565,13833,13753,699
462,50,13555,13827,13722,700
463,50,13523,13807,13720,701
464,50,13527,13796,13715,702
465,50,13514,13799,13712,703
466,50,13509,13811,13694,704
467,50,13500,13799,13692,705
468,50,13491,13783,13673,706
469,50,13479,13788,13676,707
470,50,13511,13774,13673,708
471,50,13498,13779,13665,709
472,50,13508,13785,13681,710
473,50,13526,13798,13717,711
474,50,13519,13795,13710,712
475,50,13525,13809,13711,713
476,50,13537,13857,13729,714
477,50,13531,13838,13720,715
478,50,13530,13852,13721,716
479,50,13560,13864,13752,717
480,50,13564,13846,13768,718
481,50,13563,13859,13738,719
482,50,13572,13858,13730,720
483,50,13556,13855,13745,721
484,50,13590,13853,13788,722
485,50,13587,13872,13797,723
486,50,13593,13870,13796,724
487,50,13600,13859,13771,725
488,50,13596,13860,13757,726
489,50,13617,13868,13789,727
490,50,13619,13880,13778,728
491,50,13621,13864,13811,729
492,50,13607,13869,13789,730
493,50,13586,13876,13774,731
494,50,13572,13878,13784,732
495,50,13568,13865,13768,733
496,50,13596,13875,13753,734
497,50,13529,13858,13733,735
498,50,13563,13861,13743,736
499,50,13589,13875,13769,737
500,50,13610,13882,13784,738
501,50,13612,13887,13792,739
502,50,13615,13885,13796,740
503,50,13608,13898,13796,741
504,50,13605,13890,13783,742
505,50,13592,13888,13778,743
506,50,13606,13914,13787,744
507,50,13559,13914,13759,745
508,50,13601,13933,13807,746
509,50,13554,13885,13801,747
510,50,13527,13854,13755,748
511,50,13560,13843,13772,749
512,50,13521,13864,13761,750
513,50,13592,13857,13786,751
514,50,13602,13855,13777,752
515,50,13614,13855,13774,753
516,50,13660,13845,13781,754
517,50,13591,13845,13789,755
518,50,13671,13874,13834,756
519,50,13693,13910,13831,757
520,50,13597,13939,13802,758
521,50,13721,13922,13855,759
522,50,13702,13955,13858,760
523,50,13581,13948,13838,761
524,50,13661,13924,13852,762
525,50,13689,13960,13866,763
526,50,13713,13957,13877,764
527,50,13738,13939,13903,765
528,50,13686,13935,13888,766
529,50,13683,13943,13882,767
530,50,13688,13948,13885,768
531,50,13658,13931,13881,769
532,50,13621,13920,13854,770
533,50,13643,13925,13868,771
534,50,13725,13909,13867,772
535,50,13620,13902,13845,773
536,50,13605,13883,13836,774
537,50,13621,13880,13831,775
538,50,13605,13888,13801,776
539,50,13624,13885,13806,777
540,50,13592,13878,13809,778
541,50,13654,13880,13809,779
542,50,13607,13880,13806,780
543,50,13582,13889,13817,781
544,50,13581,13875,13803,782
545,50,13584,13872,13807,783
546,50,13593,13889,13795,784
547,50,13614,13894,13800,785
548,50,13646,13902,13810,786
549,50,13606,13919,13814,787
550,50,13592,13913,13828,788
551,50,13631,13931,13832,789
552,50,13615,13935,13829,790
553,50,13601,13943,13847,791
554,50,13681,13936,13857,792
555,50,13622,13928,13846,793
556,50,13683,13940,13868,794
557,50,13673,13968,13873,795
558,50,13701,13960,13860,796
559,50,13680,13950,13859,797
560,50,13688,13970,13864,798
561,50,13687,13963,13873,799
562,50,13719,13966,13883,800
563,50,13715,13966,13880,801
564,50,13723,13967,13880,802
565,50,13701,13972,13880,803
566,50,13680,13982,13868,804
567,50,13652,13969,13861,805
568,50,13648,13961,13863,806
569,50,13631,13965,13860,807
570,50,13688,13957,13893,808
571,50,13661,13948,13869,809
572,50,13646,13960,13868,810
573,50,13661,13971,13865,811
574,50,13676,13969,13882,812
575,50,13672,13973,13888,813
576,50,13672,13976,13847,814
577,50,13663,13967,13870,815
578,50,13667,13962,13900,816
579,50,13644,13962,13866,817
580,50,13644,13957,13842,818
581,50,13684,13960,13888,819
582,50,13660,13954,13874,820
583,50,13713,13819,13750,821
584,50,13663,13825,13760,947
585,50,13554,13793,13709,948
586,50,13391,13736,13535,949
587,50,13376,13714,13517,950
588,50,13378,13826,13613,951
589,50,13419,13857,13624,952
590,50,13423,13856,13645,953
591,50,13430,13861,13649,954
592,50,13449,13885,13666,955
593,50,13485,13893,13678,956
594,50,13422,13869,13686,957
595,50,13458,13841,13686,958
596,50,13481,13898,13705,959
597,50,13468,13778,13657,960
598,50,13460,13759,13606,961
599,50,13453,13827,13652,962
600,50,13481,13890,13673,963
601,50,13525,13935,13718,964
602,50,13537,13920,13708,965
603,50,13519,13807,13674,966
604,50,13520,13864,13687,967
605,50,13537,13879,13708,968
606,50,13556,13945,13721,969
607,50,13536,13934,13709,970
608,50,13512,13926,13698,971
609,50,13499,13896,13681,972
610,50,13492,13833,13666,973
611,50,13507,13880,13672,974
612,50,13580,13893,13761,975
613,50,13691,13877,13773,976
614,50,13548,13852,13697,977
615,50,13632,13920,13778,978
616,50,13633,13920,13763,979
617,50,13633,13944,13794,980
618,50,13660,13956,13777,981
619,50,13710,13987,13856,982
620,50,13706,13979,13886,983
621,50,13717,13978,13861,984
622,50,13720,14018,13920,985
623,50,13692,14007,13855,986
624,50,13701,14004,13863,987
625,50,13748,13980,13910,988
626,50,13730,13981,13913,989
627,50,13730,14021,13920,990
628,50,13702,14001,13884,991
629,50,13716,13995,13864,992
630,50,13674,13994,13826,993
631,50,13683,14015,13847,994
632,50,13701,13994,13850,995
633,50,13699,13997,13846,996
634,50,13729,13999,13895,997
635,50,13708,13987,13851,998
636,50,13731,13986,13873,999
637,50,13709,13988,13868,1000
638,50,13687,13962,13848,1001
639,50,13668,13954,13804,1002
640,50,13683,13941,13808,1003
641,50,13655,13947,13812,1004
642,50,13650,13937,13763,1005
643,50,13656,13940,13807,1006
644,50,13510,13767,13671,1010
645,50,13625,13808,13735,1012
646,50,13640,13783,13734,1013
647,50,13623,13801,13754,1014
648,50,13607,13825,13748,1015
649,50,13533,13796,13741,1016
650,50,13567,13801,13735,1017
651,50,13563,13823,13757,1018
652,50,13631,13827,13761,1019
653,50,13625,13817,13758,1020
654,50,13686,13820,13774,1021
655,50,13623,13809,13760,1022
656,50,13631,13817,13780,1023
657,50,13523,13806,13775,1024
658,50,13554,13847,13780,1025
659,50,13728,13854,13801,1027
660,50,13610,13832,13734,1028
661,50,13581,13849,13753,1029
662,50,13576,13812,13766,1030
663,50,13578,13851,13766,1031
664,50,13594,13842,13780,1032
665,50,13623,13853,13780,1033
666,50,13607,13850,13771,1034
667,50,13650,13851,13782,1035
668,50,13550,13859,13766,1036
669,50,13584,13858,13771,1037
670,50,13584,13863,13789,1038
671,50,13710,13888,13820,1039
672,50,13641,13890,13825,1040
673,50,13662,13890,13834,1041
674,50,13640,13880,13834,1042
675,50,13614,13883,13833,1043
676,50,13691,13895,13847,1044
677,50,13631,13932,13838,1045
678,50,13591,13898,13802,1046
679,50,13593,13908,13793,1047
680,50,13612,13904,13794,1048
681,50,13617,13905,13811,1049
682,50,13648,13912,13845,1050
683,50,13640,13908,13847,1051
684,50,13616,13908,13828,1052
685,50,13628,13914,13800,1053
686,50,13635,13904,13853,1054
687,50,13642,13920,13814,1055
688,50,13620,13911,13817,1056
689,50,13662,13926,13861,1057
690,50,13679,13929,13867,1058
691,50,13663,13931,13863,1059
692,50,13658,13914,13858,1060
693,50,13677,13925,13855,1061
694,50,13678,13935,13869,1062
695,50,13689,13926,13877,1063
696,50,13685,13911,13849,1064
697,50,13649,13923,13852,1065
698,50,13607,13890,13786,1066
699,50,13586,13912,13813,1067
700,50,13586,13902,13797,1068
701,50,13622,13902,13831,1069
702,50,13624,13903,13789,1070
703,50,13556,13882,13745,1071
704,50,13550,13882,13741,1072
705,50,13496,13861,13677,1073
706,50,13549,13880,13727,1074
707,50,13559,13877,13787,1075
708,50,13559,13863,13754,1076
709,50,13530,13889,13738,1077
710,50,13548,13886,13763,1078
711,50,13549,13886,13748,1079
712,50,13612,13903,13820,1080
713,50,13580,13908,13791,1081
714,50,13560,13915,13772,1082
715,50,13573,13918,13803,1083
716,50,13532,13935,13769,1084
717,50,13540,13917,13777,1085
718,50,13550,13930,13758,1086
719,50,13540,13917,13752,1087
720,50,13561,13924,13763,1088
721,50,13542,13923,13761,1089
722,50,13602,13917,13810,1090
723,50,13620,13926,13814,1091
724,50,13598,13926,13768,1092
725,50,13607,13927,13815,1093
726,50,13586,13928,13785,1094
727,50,13622,13936,13781,1095
728,50,13623,13921,13781,1096
729,50,13624,13939,13802,1097
730,50,13637,13933,13821,1098
731,50,13603,13929,13808,1099
732,50,13609,13918,13810,1100
733,50,13597,13930,13815,1101
734,50,13645,13914,13843,1102
735,50,13616,13911,13829,1103
736,50,13636,13932,13812,1104
737,50,13638,13924,13835,1105
738,50,13625,13919,13813,1106
739,50,13639,13919,13813,1107
740,50,13603,13909,13807,1108
741,50,13580,13904,13767,1109
742,50,13578,13878,13793,1110
743,50,13568,13860,13786,1111
744,50,13578,13865,13787,1112
745,50,13572,13865,13775,1113
746,50,13581,13868,13807,1114
747,50,13550,13855,13761,1115
748,50,13580,13861,13809,1116
749,50,13568,13850,13812,1117
750,50,13567,13865,13801,1118
751,50,13643,13870,13815,1119
752,50,13635,13874,13806,1120
753,50,13621,13874,13801,1121
754,50,13567,13886,13801,1122
755,50,13617,13903,13824,1123
756,50,13567,13899,13822,1124
757,50,13599,13898,13806,1125
758,50,13590,13923,13797,1126
759,50,13599,13926,13787,1127
760,50,13604,13934,13807,1128
761,50,13625,13945,13827,1129
762,50,13640,13935,13840,1130
763,50,13660,13942,13867,1131
764,50,13643,13947,13868,1132
765,50,13740,13949,13892,1133
766,50,13609,13942,13863,1134
767,50,13614,13951,13866,1135
768,50,13643,13938,13874,1136
769,50,13631,13937,13873,1137
770,50,13629,13928,13849,1138
771,50,13633,13927,13867,1139
772,50,13665,13934,13858,1140
773,50,13686,13934,13837,1141
774,50,13607,13909,13835,1142
775,50,13585,13919,13819,1143
776,50,13592,13912,13793,1144
777,50,13590,13914,13769,1145
778,50,13571,13903,13758,1146
779,50,13613,13900,13801,1147
780,50,13625,13883,13814,1148
781,50,13569,13869,13759,1149
782,50,13610,13866,13788,1150
783,50,13521,13838,13751,1151
784,50,13561,13860,13757,1152
785,50,13588,13871,13784,1153
786,50,13535,13845,13745,1154
787,50,13522,13839,13758,1155
788,50,13519,13839,13736,1156
789,50,13545,13841,13775,1157
790,50,13544,13843,13765,1158
791,50,13565,13845,13766,1159
792,50,13570,13878,13773,1160
793,50,13583,13893,13789,1161
794,50,13615,13903,13829,1162
795,50,13605,13913,13852,1163
796,50,13623,13923,13849,1164
797,50,13626,13939,13845,1165
798,50,13619,13951,13861,1166
799,50,13639,13929,13867,1167
800,50,13632,13938,13863,1168
801,50,13639,13941,13841,1169
802,50,13642,13935,13840,1170
803,50,13588,13926,13793,1171
804,50,13642,13930,13833,1172
805,50,13637,13940,13841,1173
806,50,13652,13937,13846,1174
807,50,13640,13947,13841,1175
808,50,13639,13934,13830,1176
809,50,13644,13956,13863,1177
810,50,13641,13949,13859,1178
811,50,13634,13942,13845,1179
812,50,13612,13925,13830,1180
813,50,13617,13935,13819,1181
814,50,13598,13933,13825,1182
815,50,13693,13954,13861,1183
816,50,13633,13951,13836,1184
817,50,13710,13954,13878,1185
818,50,13662,13953,13848,1186
819,50,13703,13946,13858,1187
820,50,13707,13949,13851,1188
821,50,13701,13957,13863,1189
822,50,13694,13952,13868,1190
823,50,13700,13962,13853,1191
824,50,13683,13960,13862,1192
825,50,13664,13961,13855,1193
826,50,13660,13954,13853,1194
827,50,13661,13940,13847,1195
828,50,13601,13924,13811,1196
829,50,13650,13929,13826,1197
830,50,13638,13920,13826,1198
831,50,13632,13911,13819,1199
832,50,13616,13904,13809,1200
833,50,13573,13875,13790,1201
834,50,13658,13890,13828,1202
835,50,13631,13899,13835,1203
836,50,13609,13893,13819,1204
837,50,13620,13880,13803,1205
838,50,13658,13895,13814,1206
839,50,13579,13888,13803,1207
840,50,13576,13880,13806,1208
841,50,13588,13885,13814,1209
842,50,13606,13890,13817,1210
843,50,13630,13913,13817,1211
844,50,13617,13903,13824,1212
845,50,13609,13925,13829,1213
846,50,13599,13932,13802,1214
847,50,13635,13942,13839,1215
848,50,13659,13962,13842,1216
849,50,13685,13980,13869,1217
850,50,13723,13975,13897,1218
851,50,13721,13972,13894,1219
852,50,13604,13955,13835,1220
853,50,13697,13979,13902,1221
854,50,13703,14016,13899,1222
855,50,13664,13991,13883,1223
856,50,13713,14009,13923,1224
857,50,13746,14016,13946,1225
858,50,13745,14024,13926,1226
859,50,13681,13999,13926,1227
860,50,13655,13978,13895,1228
861,50,13629,13973,13881,1229
862,50,13670,13960,13885,1230
863,50,13664,13961,13880,1231
864,50,13638,13942,13844,1232
865,50,13618,13947,13815,1233
866,50,13629,13941,13848,1234
867,50,13619,13930,13853,1235
868,50,13711,13937,13855,1236
869,50,13721,13947,13862,1237
870,50,13622,13938,13839,1238
871,50,13644,13941,13845,1239
872,50,13650,13939,13845,1240
873,50,13729,13973,13877,1241
874,50,13698,13976,13883,1242
875,50,13648,13961,13851,1243
876,50,13701,13967,13892,1244
877,50,13669,13969,13875,1245
878,50,13671,14010,13910,1246
879,50,13663,14019,13910,1247
880,50,13689,13992,13895,1248
881,50,13650,14019,13894,1249
882,50,13648,14014,13891,1250
883,50,13635,14015,13890,1251
884,50,13740,14013,13930,1252
885,50,13648,14017,13891,1253
886,50,13772,14013,13937,1254
887,50,13688,14023,13890,1255
888,50,13742,14042,13923,1256
889,50,13739,14029,13927,1257
890,50,13750,14053,13957,1258
891,50,13748,14041,13959,1259
892,50,13831,14047,13981,1260
893,50,13772,14059,13977,1261
894,50,13765,14057,13963,1262
895,50,13752,14036,13960,1263
896,50,13741,14051,13953,1264
897,50,13732,14028,13951,1265
898,50,13718,14019,13908,1266
899,50,13722,14026,13913,1267
900,50,13697,14005,13881,1268
901,50,13684,14006,13880,1269
902,50,13671,13996,13857,1270
903,50,13695,13984,13875,1271
904,50,13702,13985,13913,1272
905,50,13731,13979,13900,1273
906,50,13703,13971,13883,1274
907,50,13663,13955,13884,1275
908,50,13683,13954,13878,1276
909,50,13643,13939,13856,1277
910,50,13646,13940,13857,1278
911,50,13625,13935,13847,1279
912,50,13616,13904,13816,1280
913,50,13595,13905,13808,1281
914,50,13587,13896,13794,1282
915,50,13600,13911,13830,1283
916,50,13600,13896,13813,1284
917,50,13624,13915,13830,1285
918,50,13595,13895,13824,1286
919,50,13598,13898,13819,1287
920,50,13566,13899,13785,1288
921,50,13577,13892,13791,1289
922,50,13643,13920,13853,1290
923,50,13635,13939,13858,1291
924,50,13629,13949,13869,1292
925,50,13642,13940,13875,1293
926,50,13652,13953,13890,1294
927,50,13637,13962,13875,1295
928,50,13668,13963,13875,1296
929,50,13646,13979,13889,1297
930,50,13649,13991,13897,1298
931,50,13743,13995,13929,1299
932,50,13697,14002,13928,1300
933,50,13729,13992,13928,1301
934,50,13630,13994,13903,1302
935,50,13652,14018,13898,1303
936,50,13641,14010,13899,1304
937,50,13633,13999,13885,1305
938,50,13698,14006,13884,1306
939,50,13645,13978,13810,1307
940,50,13674,13987,13871,1308
941,50,13646,13980,13866,1309
942,50,13652,13996,13857,1310
943,50,13658,13992,13868,1311
944,50,13640,13965,13849,1312
945,50,13583,13960,13776,1313
946,50,13605,13945,13835,1314
947,50,13594,13946,13829,1315
948,50,13559,13940,13827,1316
949,50,13552,13938,13827,1317
950,50,13646,13956,13845,1318
951,50,13535,13928,13770,1319
952,50,13611,13947,13798,1320
953,50,13542,13900,13752,1321
954,50,13558,13899,13759,1322
955,50,13557,13922,13794,1323
956,50,13528,13888,13737,1324
957,50,13543,13905,13753,1325
958,50,13563,13911,13766,1326
959,50,13539,13929,13786,1327
960,50,13560,13961,13815,1328
961,50,13548,13927,13697,1329
962,50,13590,13942,13769,1330
963,50,13582,13960,13776,1331
964,50,13591,13951,13743,1332
965,50,13573,13959,13786,1333
966,50,13563,13964,13784,1334
967,50,13585,13965,13781,1335
968,50,13570,13981,13777,1336
969,50,13621,13995,13820,1337
970,50,13567,13974,13739,1338
971,50,13571,13962,13727,1339
972,50,13568,13978,13767,1340
973,50,13570,13982,13770,1341
974,50,13608,13972,13799,1342
975,50,13606,13989,13826,1343
976,50,13611,13984,13834,1344
977,50,13628,13995,13820,1345
978,50,13629,13996,13830,1346
979,50,13654,13993,13825,1347
980,50,13618,14008,13809,1348
981,50,13636,13993,13806,1349
982,50,13622,13966,13775,1350
983,50,13640,13994,13797,1351
984,50,13625,14005,13810,1352
985,50,13632,14005,13810,1353
986,50,13618,14017,13809,1354
987,50,13624,14001,13816,1355
988,50,13671,14020,13858,1356
989,50,13644,14012,13808,1357
990,50,13640,14020,13802,1358
991,50,13631,14004,13781,1359
992,50,13645,14000,13785,1360
993,50,13635,13988,13783,1361
994,50,13633,13989,13803,1362
995,50,13607,13984,13778,1363
996,50,13564,13959,13824,1364
997,50,13543,13952,13796,1365
998,50,13532,13937,13759,1366
999,50,13538,13947,13771,1367
1000,50,13593,13955,13819,1368
1001,50,13567,13955,13812,1369
1002,50,13554,13951,13811,1370
1003,50,13548,13951,13805,1371
1004,50,13560,13973,13841,1372
1005,50,13570,13968,13820,1373
1006,50,13578,13962,13737,1374
1007,50,13596,13977,13790,1375
1008,50,13593,13969,13726,1376
1009,50,13627,13993,13807,1377
1010,50,13585,13970,13727,1378
1011,50,13605,13979,13789,1379
1012,50,13574,13935,13742,1380
1013,50,13560,13958,13775,1381
1014,50,13553,13949,13784,1382
1015,50,13541,13960,13781,1383
1016,50,13545,13968,13798,1384
1017,50,13539,13947,13725,1385
1018,50,13523,13937,13744,1386
1019,50,13516,13934,13758,1387
1020,50,13525,13930,13746,1388
1021,50,13548,13959,13754,1389
1022,50,13558,13955,13764,1390
1023,50,13569,13975,13824,1391
1024,50,13568,13967,13844,1392
1025,50,13645,14039,13878,1393
1026,50,13583,13988,13780,1394
1027,50,13577,13963,13760,1395
1028,50,13581,13982,13762,1396
1029,50,13659,14010,13801,1397
1030,50,13618,13965,13774,1398
1031,50,13641,14028,13813,1399
1032,50,13629,13994,13782,1400
1033,50,13656,13996,13811,1401
1034,50,13624,13986,13774,1402
1035,50,13620,13996,13750,1403
1036,50,13610,14001,13776,1404
1037,50,13676,13999,13812,1405
1038,50,13602,14005,13807,1406
1039,50,13618,14030,13793,1407
1040,50,13643,13975,13802,1408
1041,50,13619,13985,13775,1409
1042,50,13626,13971,13782,1410
1043,50,13640,13979,13781,1411
1044,50,13612,13996,13802,1412
1045,50,13667,13989,13817,1413
1046,50,13615,13996,13774,1414
1047,50,13608,13984,13782,1415
1048,50,13621,13974,13767,1416
1049,50,13613,13966,13781,1417
1050,50,13588,13967,13778,1418
1051,50,13578,13929,13727,1419
1052,50,13554,13942,13713,1420
1053,50,13540,13927,13727,1421
1054,50,13519,13914,13698,1422
1055,50,13509,13890,13664,1423
1056,50,13503,13885,13677,1424
1057,50,13538,13908,13724,1425
1058,50,13548,13906,13736,1426
1059,50,13539,13894,13723,1427
1060,50,13536,13914,13679,1428
1061,50,13519,13897,13690,1429
1062,50,13528,13898,13640,1430
1063,50,13545,13916,13704,1431
1064,50,13574,13925,13754,1432
1065,50,13558,13939,13730,1433
1066,50,13549,13927,13698,1434
1067,50,13558,13932,13724,1435
1068,50,13570,13963,13755,1436
1069,50,13593,13962,13732,1437
1070,50,13588,13949,13715,1438
1071,50,13593,13951,13725,1439
1072,50,13596,13954,13756,1440
1073,50,13582,13964,13741,1441
1074,50,13627,13978,13745,1442
1075,50,13612,13971,13781,1443
1076,50,13591,13977,13762,1444
1077,50,13632,13985,13742,1445
1078,50,13622,13971,13732,1446
1079,50,13616,13974,13771,1447
1080,50,13599,13986,13732,1448
1081,50,13621,13979,13764,1449
1082,50,13639,14013,13818,1450
1083,50,13632,14015,13799,1451
1084,50,13652,14005,13866,1452
1085,50,13653,14007,13812,1453
1086,50,13652,13998,13806,1454
1087,50,13608,13972,13783,1455
1088,50,13633,13974,13764,1456
1089,50,13658,13973,13845,1457
1090,50,13654,13982,13846,1458
1091,50,13674,14002,13856,1459
1092,50,13674,14006,13872,1460
1093,50,13672,14012,13886,1461
1094,50,13637,13987,13817,1462
1095,50,13661,14010,13885,1463
1096,50,13688,14007,13844,1464
1097,50,13654,14004,13842,1465
1098,50,13688,14017,13904,1466
1099,50,13686,14019,13903,1467
1100,50,13758,14027,13936,1468
1101,50,13716,14031,13905,1469
1102,50,13659,14013,13869,1470
1103,50,13673,13986,13876,1471
1104,50,13656,13983,13860,1472
1105,50,13690,13982,13886,1473
1106,50,13688,13966,13885,1474
1107,50,13683,13954,13863,1475
1108,50,13681,13946,13846,1476
1109,50,13617,13953,13841,1477
1110,50,13625,13958,13840,1478
1111,50,13670,13962,13864,1479
1112,50,13652,13946,13842,1480
1113,50,13640,13936,13847,1481
1114,50,13582,13934,13804,1482
1115,50,13549,13922,13776,1483
1116,50,13567,13926,13782,1484
1117,50,13588,13930,13806,1485
1118,50,13593,13953,13851,1486
1119,50,13611,13967,13862,1487
1120,50,13616,13973,13839,1488
1121,50,13678,13979,13889,1489
1122,50,13671,14001,13889,1490
1123,50,13637,13999,13881,1491
1124,50,13678,13995,13884,1492
1125,50,13705,14004,13896,1493
1126,50,13714,14008,13923,1494
1127,50,13682,14012,13894,1495
1128,50,13694,14008,13905,1496
1129,50,13674,14017,13872,1497
1130,50,13692,14019,13902,1498
1131,50,13683,14025,13908,1499
1132,50,13691,14017,13908,1500
1133,50,13657,14026,13913,1501
1134,50,13661,14032,13909,1502
1135,50,13691,14031,13927,1503
1136,50,13701,14049,13938,1504
1137,50,13708,14057,13942,1505
1138,50,13780,14035,13959,1506
1139,50,13710,14033,13918,1507
1140,50,13702,14040,13922,1508
1141,50,13681,14026,13954,1509
1142,50,13687,14032,13925,1510
1143,50,13659,14034,13914,1511
1144,50,13672,14034,13935,1512
1145,50,13697,14062,13950,1513
1146,50,13694,14050,13947,1514
1147,50,13693,14040,13952,1515
1148,50,13762,14032,13952,1516
1149,50,13696,14034,13950,1517
1150,50,13761,14038,13962,1518
1151,50,13670,14019,13927,1519
1152,50,13746,14036,13957,1520
1153,50,13768,14040,13973,1521
1154,50,13687,14035,13943,1522
1155,50,13705,14033,13952,1523
1156,50,13701,14030,13957,1524
1157,50,13678,14028,13874,1525
1158,50,13708,14036,13888,1526
1159,50,13681,14029,13874,1527
1160,50,13734,14014,13936,1528
1161,50,13679,14006,13904,1529
1162,50,13665,14020,13920,1530
1163,50,13651,14005,13889,1531
1164,50,13641,13965,13883,1532
1165,50,13679,13970,13906,1533
1166,50,13585,13971,13826,1534
1167,50,13651,13979,13846,1535
1168,50,13686,13969,13885,1536
1169,50,13593,13952,13853,1537
1170,50,13590,13958,13864,1538
1171,50,13617,13951,13871,1539
1172,50,13560,13961,13839,1540
1173,50,13675,13960,13884,1541
1174,50,13571,13975,13857,1542
1175,50,13647,13969,13885,1543
1176,50,13613,13969,13882,1544
1177,50,13709,13965,13900,1545
1178,50,13666,13978,13910,1546
1179,50,13706,14015,13915,1547
1180,50,13659,14021,13846,1548
1181,50,13626,14009,13841,1549
1182,50,13650,14042,13864,1550
1183,50,13642,14063,13853,1551
1184,50,13670,14056,13883,1552
1185,50,13701,14042,13899,1553
1186,50,13727,14062,13915,1554
1187,50,13744,14065,13948,1555
1188,50,13757,14069,13941,1556
1189,50,13678,14053,13913,1557
1190,50,13680,14055,13957,1558
1191,50,13678,14049,13938,1559
1192,50,13694,14065,13937,1560
1193,50,13713,14064,13918,1561
1194,50,13687,14056,13890,1562
1195,50,13678,14029,13889,1563
1196,50,13741,14031,13958,1564
1197,50,13723,14044,13960,1565
1198,50,13722,14063,13966,1566
1199,50,13704,14026,13943,1567
1200,50,13683,14014,13934,1568
1201,50,13671,14011,13923,1569
1202,50,13629,13998,13902,1570
1203,50,13625,13988,13913,1571
1204,50,13582,13961,13828,1572
1205,50,13644,13977,13893,1573
1206,50,13660,13975,13874,1574
1207,50,13618,13980,13860,1575
1208,50,13608,13964,13835,1576
1209,50,13664,13985,13877,1577
1210,50,13620,13971,13868,1578
1211,50,13633,13977,13884,1579
1212,50,13638,13990,13882,1580
1213,50,13654,13990,13903,1581
1214,50,13657,14018,13913,1582
1215,50,13729,14024,13921,1583
1216,50,13711,14027,13911,1584
1217,50,13695,14047,13875,1585
1218,50,13675,14042,13927,1586
1219,50,13760,14042,13959,1587
1220,50,13698,14055,13928,1588
1221,50,13682,14072,13936,1589
1222,50,13702,14070,13927,1590
1223,50,13684,14064,13927,1591
1224,50,13756,14059,13943,1592
1225,50,13746,14060,13980,1593
1226,50,13755,14071,13968,1594
1227,50,13716,14073,13920,1595
1228,50,13693,14040,13869,1596
1229,50,13670,14032,13857,1597
1230,50,13718,14062,13927,1598
1231,50,13726,14060,13923,1599
1232,50,13670,14055,13860,1600
1233,50,13670,14073,13868,1601
1234,50,13651,14066,13831,1602
1235,50,13689,14050,13853,1603
1236,50,13656,14032,13840,1604
1237,50,13719,14046,13877,1605
1238,50,13710,14056,13885,1606
1239,50,13702,14070,13897,1607
1240,50,13700,14072,13891,1608
1241,50,13666,14044,13849,1609
1242,50,13682,14031,13857,1610
1243,50,13668,14054,13883,1611
1244,50,13684,14047,13847,1612
1245,50,13681,14050,13849,1613
1246,50,13717,14075,13915,1614
1247,50,13670,14047,13856,1615
1248,50,13673,14048,13870,1616
1249,50,13660,14046,13871,1617
1250,50,13653,14033,13831,1618
1251,50,13702,14043,13906,1619
1252,50,13659,14014,13864,1620
1253,50,13653,14007,13868,1621
1254,50,13651,13988,13862,1622
1255,50,13620,13992,13847,1623
1256,50,13613,13971,13839,1624
1257,50,13574,13985,13839,1625
1258,50,13578,13988,13824,1626
1259,50,13605,13982,13858,1627
1260,50,13618,13996,13876,1628
1261,50,13612,13976,13854,1629
1262,50,13612,13967,13854,1630
1263,50,13610,13961,13844,1631
1264,50,13583,13962,13803,1632
1265,50,13612,13968,13840,1633
1266,50,13682,13978,13876,1634
1267,50,13668,13980,13884,1635
1268,50,13660,13970,13868,1636
1269,50,13636,13971,13868,1637
1270,50,13637,13970,13861,1638
1271,50,13650,13965,13850,1639
1272,50,13647,13980,13863,1640
1273,50,13634,13982,13872,1641
1274,50,13701,14080,13918,1642
1275,50,13682,14056,13879,1643
1276,50,13650,14013,13893,1644
1277,50,13674,14004,13895,1645
1278,50,13672,14028,13839,1646
1279,50,13707,14043,13914,1647
1280,50,13706,14048,13902,1648
1281,50,13680,14043,13863,1649
1282,50,13683,14071,13896,1650
1283,50,13728,14064,13930,1651
1284,50,13705,14041,13919,1652
1285,50,13663,14049,13838,1653
1286,50,13738,14036,13893,1654
1287,50,13717,14031,13933,1655
1288,50,13744,14079,13946,1656
1289,50,13709,14051,13876,1657
1290,50,13734,14074,13947,1658
1291,50,13718,14057,13926,1659
1292,50,13745,14057,13939,1660
1293,50,13725,14069,13937,1661
1294,50,13734,14045,13938,1662
1295,50,13723,14058,13926,1663
1296,50,13726,14066,13924,1664
1297,50,13687,14055,13906,1665
1298,50,13700,14039,13866,1666
1299,50,13734,14046,13952,1667
1300,50,13736,14040,13938,1668
1301,50,13717,14045,13903,1669
1302,50,13771,14043,13965,1670
1303,50,13771,14045,13966,1671
1304,50,13716,14037,13930,1672
1305,50,13734,14042,13940,1673
1306,50,13723,14029,13953,1674
1307,50,13773,13993,13939,1675
1308,50,13727,13967,13885,1676
1309,50,13687,13858,13764,1677
1310,50,13497,13837,13714,1688
1311,50,13560,13828,13772,1689
1312,50,13520,13892,13704,1696
1313,50,13596,13999,13771,1697
1314,50,13542,14017,13730,1698
1315,50,13548,14003,13738,1699
1316,50,13536,13982,13728,1700
1317,50,13485,13834,13601,1701
1318,50,13475,13867,13590,1702
1319,50,13615,13944,13879,1703
1320,50,13617,13913,13866,1704
1321,50,13518,13897,13843,1705
1322,50,13492,13906,13846,1706
1323,50,13533,13909,13818,1707
1324,50,13523,13896,13848,1708
1325,50,13624,13968,13876,1711
1326,50,13583,13945,13860,1712
1327,50,13703,13987,13902,1713
1328,50,13629,13867,13775,1714
1329,50,13802,14119,13944,1719
1330,50,13802,14096,13950,1720
1331,50,13787,14096,13915,1721
1332,50,13713,14011,13882,1722
1333,50,13733,13984,13863,1723
1334,50,13660,13990,13862,1724
1335,50,13668,13935,13839,1725
1336,50,13657,13928,13838,1726
1337,50,13666,13930,13841,1727
1338,50,13690,14011,13839,1728
1339,50,13606,13860,13702,79
1340,50,14101,14495,14277,176
1341,50,13700,13853,13784,179
1342,50,13705,13814,13745,180
1343,50,13491,13584,13545,181
1344,50,13363,13654,13545,310
1345,50,13356,13621,13529,311
1346,50,13320,13615,13444,312
1347,50,13345,13627,13499,313
1348,50,13315,13640,13454,314
1349,50,13337,13646,13515,315
1350,50,13330,13659,13451,316
1351,50,13350,13661,13512,317
1352,50,13359,13660,13467,318
1353,50,13365,13670,13515,319
1354,50,13367,13680,13518,320
1355,50,13358,13692,13531,321
1356,50,13365,13676,13542,322
1357,50,13372,13679,13544,323
1358,50,13377,13676,13596,324
1359,50,13387,13690,13596,325
1360,50,13387,13690,13611,326
1361,50,13434,13709,13662,327
1362,50,13393,13710,13578,328
1363,50,13407,13710,13637,329
1364,50,13399,13706,13527,330
1365,50,13401,13709,13558,331
1366,50,13418,13715,13592,332
1367,50,13398,13717,13556,333
1368,50,13410,13720,13564,334
1369,50,13410,13718,13598,335
1370,50,13403,13718,13586,336
1371,50,13395,13712,13564,337
1372,50,13559,13710,13680,338
1373,50,13513,13693,13671,339
1374,50,13490,13686,13657,340
1375,50,13477,13677,13647,341
1376,50,13479,13674,13642,342
1377,50,13465,13672,13633,343
1378,50,13475,13668,13636,344
1379,50,13467,13675,13629,345
1380,50,13356,13659,13493,346
1381,50,13382,13671,13536,347
1382,50,13387,13667,13504,348
1383,50,13381,13675,13572,349
1384,50,13387,13693,13522,350
1385,50,13365,13692,13533,351
1386,50,13373,13719,13555,352
1387,50,13384,13700,13562,353
1388,50,13394,13714,13577,354
1389,50,13381,13734,13585,355
1390,50,13377,13722,13590,356
1391,50,13403,13736,13609,357
1392,50,13397,13721,13560,358
1393,50,13400,13727,13548,359
1394,50,13404,13730,13601,360
1395,50,13415,13748,13612,361
1396,50,13412,13739,13603,362
1397,50,13398,13726,13595,363
1398,50,13405,13710,13630,364
1399,50,13405,13707,13631,365
1400,50,13379,13695,13544,366
1401,50,13389,13702,13619,367
1402,50,13398,13711,13627,368
1403,50,13496,13693,13668,369
1404,50,13459,13663,13645,370
1405,50,13401,13662,13602,371
1406,50,13548,13711,13643,561
1407,50,13493,13756,13680,562
1408,50,13468,13728,13678,563
1409,50,13490,13719,13688,564
1410,50,13489,13712,13670,565
1411,50,13496,13690,13652,566
1412,50,13516,13689,13650,567
1413,50,13478,13674,13639,568
1414,50,13470,13684,13626,569
1415,50,13469,13660,13628,570
1416,50,13447,13659,13611,571
1417,50,13450,13643,13606,572
1418,50,13419,13642,13592,573
1419,50,13450,13647,13603,574
1420,50,13447,13630,13596,575
1421,50,13470,13657,13604,576
1422,50,13504,13680,13608,577
1423,50,13436,13682,13614,578
1424,50,13481,13685,13620,579
1425,50,13491,13677,13628,580
1426,50,13502,13685,13646,581
1427,50,13511,13689,13650,582
1428,50,13501,13679,13654,583
1429,50,13510,13703,13672,584
1430,50,13523,13727,13681,585
1431,50,13560,13726,13686,586
1432,50,13537,13735,13683,587
1433,50,13557,13726,13686,588
1434,50,13492,13709,13673,589
1435,50,13495,13718,13679,590
1436,50,13517,13727,13698,591
1437,50,13556,13730,13689,592
1438,50,13541,13723,13692,593
1439,50,13523,13728,13699,594
1440,50,13559,13736,13705,595
1441,50,13558,13739,13710,596
1442,50,13587,13745,13712,597
1443,50,13533,13739,13707,598
1444,50,13561,13743,13711,599
1445,50,13558,13741,13712,600
1446,50,13571,13742,13710,601
1447,50,13596,13740,13716,602
1448,50,13495,13727,13705,603
1449,50,13507,13732,13701,604
1450,50,13458,13725,13687,605
1451,50,13460,13721,13696,606
1452,50,13606,13732,13708,607
1453,50,13527,13734,13711,608
1454,50,13534,13755,13704,609
1455,50,13527,13729,13695,610
1456,50,13581,13725,13693,611
1457,50,13570,13727,13698,612
1458,50,13578,13725,13692,613
1459,50,13518,13721,13677,614
1460,50,13487,13701,13665,615
1461,50,13501,13687,13642,616
1462,50,13460,13669,13630,617
1463,50,13483,13675,13631,618
1464,50,13479,13682,13627,619
1465,50,13490,13661,13628,620
1466,50,13475,13668,13633,621
1467,50,13476,13671,13628,622
1468,50,13461,13659,13628,623
1469,50,13488,13668,13639,624
1470,50,13429,13650,13624,625
1471,50,13485,13668,13630,626
1472,50,13498,13667,13635,627
1473,50,13423,13666,13637,628
1474,50,13454,13697,13647,629
1475,50,13450,13686,13652,630
1476,50,13491,13694,13654,631
1477,50,13465,13703,13664,632
1478,50,13468,13707,13669,633
1479,50,13470,13705,13672,634
1480,50,13480,13704,13667,635
1481,50,13463,13694,13665,636
1482,50,13462,13729,13673,637
1483,50,13464,13716,13684,638
1484,50,13470,13715,13678,639
1485,50,13481,13721,13683,640
1486,50,13510,13733,13693,641
1487,50,13485,13726,13686,642
1488,50,13494,13725,13689,643
1489,50,13483,13735,13697,644
1490,50,13480,13737,13704,645
1491,50,13484,13737,13708,646
1492,50,13509,13741,13714,647
1493,50,13523,13727,13707,648
1494,50,13466,13745,13705,649
1495,50,13463,13731,13707,650
1496,50,13477,13732,13707,651
1497,50,13465,13734,13706,652
1498,50,13456,13750,13704,653
1499,50,13459,13726,13709,654
1500,50,13465,13729,13699,655
1501,50,13458,13730,13709,656
1502,50,13465,13732,13703,657
1503,50,13523,13739,13708,658
1504,50,13561,13742,13716,659
1505,50,13527,13751,13717,660
1506,50,13526,13740,13704,661
1507,50,13527,13744,13712,662
1508,50,13543,13744,13715,663
1509,50,13463,13736,13710,664
1510,50,13490,13738,13712,665
1511,50,13477,13739,13712,666
1512,50,13522,13743,13715,667
1513,50,13453,13743,13663,668
1514,50,13495,13736,13705,669
1515,50,13478,13719,13678,670
1516,50,13448,13704,13646,671
1517,50,13476,13701,13680,672
1518,50,13463,13704,13670,673
1519,50,13458,13699,13666,674
1520,50,13508,13698,13655,675
1521,50,13515,13690,13652,676
1522,50,13506,13692,13655,677
1523,50,13492,13684,13657,678
1524,50,13477,13687,13652,679
1525,50,13501,13707,13673,680
1526,50,13501,13709,13671,681
1527,50,13503,13724,13691,682
1528,50,13578,13737,13694,683
1529,50,13536,13743,13697,684
1530,50,13554,13736,13708,685
1531,50,13554,13740,13713,686
1532,50,13565,13759,13721,687
1533,50,13521,13759,13718,688
1534,50,13425,13749,13706,689
1535,50,13441,13759,13708,690
1536,50,13450,13782,13715,691
1537,50,13552,13770,13733,692
1538,50,13511,13773,13724,693
1539,50,13483,13738,13723,694
1540,50,13507,13745,13727,695
1541,50,13510,13749,13729,696
1542,50,13518,13749,13718,697
1543,50,13536,13760,13724,698
1544,50,13519,13734,13716,699
1545,50,13498,13732,13705,700
1546,50,13523,13722,13685,701
1547,50,13517,13702,13678,702
1548,50,13494,13700,13676,703
1549,50,13467,13696,13669,704
1550,50,13481,13687,13664,705
1551,50,13495,13683,13652,706
1552,50,13480,13678,13652,707
1553,50,13468,13671,13642,708
1554,50,13472,13674,13648,709
1555,50,13465,13673,13646,710
1556,50,13446,13677,13647,711
1557,50,13467,13700,13653,712
1558,50,13488,13701,13667,713
1559,50,13495,13724,13690,714
1560,50,13522,13734,13697,715
1561,50,13505,13726,13689,716
1562,50,13514,13732,13691,717
1563,50,13482,13727,13686,718
1564,50,13529,13734,13700,719
1565,50,13489,13756,13689,720
1566,50,13486,13751,13699,721
1567,50,13492,13747,13712,722
1568,50,13517,13754,13712,723
1569,50,13535,13747,13721,724
1570,50,13492,13748,13707,725
1571,50,13452,13750,13698,726
1572,50,13485,13751,13715,727
1573,50,13477,13753,13714,728
1574,50,13472,13756,13705,729
1575,50,13470,13758,13693,730
1576,50,13477,13770,13715,731
1577,50,13486,13762,13722,732
1578,50,13491,13750,13724,733
1579,50,13487,13763,13720,734
1580,50,13505,13756,13723,735
1581,50,13491,13758,13711,736
1582,50,13485,13756,13724,737
1583,50,13467,13767,13719,738
1584,50,13475,13771,13727,739
1585,50,13485,13777,13735,740
1586,50,13486,13774,13743,741
1587,50,13503,13780,13730,742
1588,50,13475,13768,13583,743
1589,50,13402,13698,13563,758
1590,50,13438,13716,13675,759
1591,50,13471,13766,13722,766
1592,50,13433,13766,13567,770
1593,50,13430,13756,13574,771
1594,50,13396,13718,13509,789
1595,50,13415,13719,13633,790
1596,50,13402,13741,13624,791
1597,50,13413,13744,13627,792
1598,50,13404,13738,13643,793
1599,50,13402,13787,13603,794
1600,50,13433,13773,13686,795
1601,50,13430,13780,13677,796
1602,50,13440,13759,13663,797
1603,50,13433,13751,13581,798
1604,50,13440,13757,13644,799
1605,50,13438,13757,13642,800
1606,50,13437,13758,13644,801
1607,50,13439,13756,13611,802
1608,50,13419,13751,13537,803
1609,50,13426,13755,13664,804
1610,50,13434,13764,13577,805
1611,50,13431,13766,13593,806
1612,50,13433,13756,13631,807
1613,50,13443,13762,13622,808
1614,50,13436,13769,13600,809
1615,50,13429,13764,13583,810
1616,50,13442,13754,13576,811
1617,50,13439,13772,13569,812
1618,50,13459,13763,13550,813
1619,50,13440,13777,13586,814
1620,50,13436,13770,13590,815
1621,50,13444,13768,13537,816
1622,50,13457,13773,13526,817
1623,50,13441,13756,13517,818
1624,50,13438,13755,13520,819
1625,50,13431,13763,13534,820
1626,50,13843,13968,13921,822
1627,50,13800,13960,13893,823
1628,50,13889,14327,14094,913
1629,50,13618,13891,13759,915
1630,50,13450,13908,13687,916
1631,50,13487,13821,13666,917
1632,50,13472,13830,13659,918
1633,50,13570,13796,13678,919
1634,50,13538,13730,13661,920
1635,50,13491,13698,13622,921
1636,50,13484,13717,13642,922
1637,50,13455,13735,13658,923
1638,50,13541,13790,13666,924
1639,50,13550,13779,13679,925
1640,50,13436,13768,13650,926
1641,50,13534,13792,13677,927
1642,50,13503,13800,13645,928
1643,50,13518,13804,13669,929
1644,50,13522,13817,13656,930
1645,50,13487,13788,13618,931
1646,50,13436,13724,13604,932
1647,50,13479,13707,13631,933
1648,50,13496,13720,13633,934
1649,50,13538,13761,13666,935
1650,50,13533,13767,13609,936
1651,50,13520,13763,13624,937
1652,50,13491,13717,13621,938
1653,50,13495,13716,13612,939
1654,50,13481,13715,13601,940
1655,50,13439,13698,13579,941
1656,50,13358,13737,13547,942
1657,50,13580,13913,13740,943
1658,50,13568,13740,13677,944
1659,50,13610,13781,13701,945
1660,50,13567,13750,13673,946
1661,50,13921,13994,13957,1008
1662,50,13664,13800,13743,1009
1663,50,13538,13704,13625,1010
1664,50,13475,13708,13603,1011
1665,50,13490,13712,13649,1012
1666,50,13505,13770,13677,1013
1667,50,13511,13752,13685,1014
1668,50,13546,13758,13706,1015
1669,50,13512,13749,13654,1016
1670,50,13610,13774,13705,1017
1671,50,13620,13749,13710,1018
1672,50,13479,13772,13673,1019
1673,50,13512,13773,13674,1020
1674,50,13531,13777,13693,1021
1675,50,13505,13783,13727,1022
1676,50,13528,13813,13730,1023
1677,50,13500,13799,13668,1024
1678,50,13489,13775,13684,1025
1679,50,13751,13907,13832,1026
1680,50,13439,13733,13563,1054
1681,50,13457,13747,13596,1066
1682,50,13471,13750,13620,1068
1683,50,13440,13753,13574,1093
1684,50,13455,13754,13593,1094
1685,50,13445,13764,13622,1095
1686,50,13452,13759,13631,1096
1687,50,13443,13770,13636,1097
1688,50,13451,13771,13623,1098
1689,50,13449,13776,13587,1099
1690,50,13428,13752,13549,1100
1691,50,13426,13763,13557,1101
1692,50,13420,13768,13557,1102
1693,50,13426,13753,13599,1103
1694,50,13426,13760,13602,1104
1695,50,13437,13756,13628,1105
1696,50,13437,13766,13628,1106
1697,50,13442,13767,13582,1107
1698,50,13438,13756,13604,1108
1699,50,13436,13717,13565,1109
1700,50,13442,13724,13609,1110
1701,50,13441,13701,13603,1111
1702,50,13431,13698,13571,1112
1703,50,13425,13704,13626,1113
1704,50,13390,13688,13534,1114
1705,50,13396,13680,13534,1115
1706,50,13399,13684,13549,1116
1707,50,13387,13670,13525,1117
1708,50,13396,13677,13525,1118
1709,50,13383,13671,13491,1119
1710,50,13370,13684,13460,1120
1711,50,13389,13693,13542,1121
1712,50,13402,13701,13538,1122
1713,50,13406,13702,13558,1123
1714,50,13421,13720,13572,1124
1715,50,13404,13715,13568,1125
1716,50,13404,13724,13575,1126
1717,50,13405,13741,13582,1127
1718,50,13460,13747,13702,1128
1719,50,13439,13749,13653,1129
1720,50,13410,13754,13588,1130
1721,50,13472,13767,13726,1131
1722,50,13435,13762,13639,1132
1723,50,13452,13781,13720,1133
1724,50,13424,13762,13584,1134
1725,50,13431,13752,13599,1135
1726,50,13415,13757,13592,1136
1727,50,13427,13761,13597,1137
1728,50,13430,13751,13586,1138
1729,50,13435,13758,13531,1139
1730,50,13428,13752,13615,1140
1731,50,13428,13758,13617,1141
1732,50,13479,13758,13730,1142
1733,50,13476,13766,13724,1143
1734,50,13464,13751,13715,1144
1735,50,13516,13755,13720,1145
1736,50,13506,13758,13727,1146
1737,50,13499,13751,13714,1147
1738,50,13481,13755,13676,1148
1739,50,13486,13705,13662,1149
1740,50,13397,13687,13540,1150
1741,50,13393,13677,13521,1151
1742,50,13477,13686,13654,1152
1743,50,13381,13656,13487,1157
1744,50,13381,13682,13491,1159
1745,50,13384,13675,13476,1160
1746,50,13429,13750,13598,1172
1747,50,13431,13766,13581,1173
1748,50,13419,13757,13551,1174
1749,50,13413,13759,13556,1175
1750,50,13420,13767,13556,1176
1751,50,13436,13764,13563,1177
1752,50,13434,13764,13544,1178
1753,50,13415,13764,13519,1179
1754,50,13435,13758,13524,1180
1755,50,13437,13771,13527,1181
1756,50,13434,13772,13531,1182
1757,50,13434,13766,13539,1183
1758,50,13415,13771,13546,1184
1759,50,13429,13789,13540,1185
1760,50,13432,13779,13549,1186
1761,50,13456,13778,13634,1187
1762,50,13431,13768,13591,1188
1763,50,13443,13786,13597,1189
1764,50,13444,13788,13588,1190
1765,50,13439,13776,13628,1191
1766,50,13450,13796,13555,1192
1767,50,13437,13780,13579,1194
1768,50,13434,13760,13573,1195
1769,50,13436,13771,13566,1196
1770,50,13437,13765,13581,1197
1771,50,13461,13756,13592,1214
1772,50,13459,13778,13537,1215
1773,50,13484,13737,13660,1216
1774,50,13471,13751,13640,1217
1775,50,13481,13775,13681,1221
1776,50,13456,13791,13641,1222
1777,50,13498,13847,13754,1223
1778,50,13485,13819,13752,1224
1779,50,13459,13850,13694,1225
1780,50,13540,13794,13763,1226
1781,50,13465,13777,13684,1227
1782,50,13490,13777,13701,1228
1783,50,13460,13770,13665,1229
1784,50,13472,13762,13653,1230
1785,50,13457,13754,13687,1231
1786,50,13435,13727,13679,1232
1787,50,13447,13728,13683,1233
1788,50,13515,13728,13687,1234
1789,50,13497,13720,13688,1235
1790,50,13507,13717,13672,1236
1791,50,13459,13706,13661,1237
1792,50,13476,13729,13681,1240
1793,50,13440,13731,13678,1241
1794,50,13437,13756,13701,1243
1795,50,13462,13760,13712,1244
1796,50,13462,13759,13721,1245
1797,50,13471,13769,13727,1246
1798,50,13471,13776,13720,1247
1799,50,13489,13774,13730,1248
1800,50,13480,13793,13727,1249
1801,50,13462,13790,13739,1251
1802,50,13478,13796,13730,1252
1803,50,13471,13802,13737,1253
1804,50,13477,13821,13751,1256
1805,50,13479,13806,13660,1260
1806,50,13471,13821,13652,1261
1807,50,13476,13810,13678,1262
1808,50,13477,13820,13690,1263
1809,50,13480,13820,13759,1264
1810,50,13542,13821,13762,1265
1811,50,13579,13803,13763,1266
1812,50,13577,13814,13771,1267
1813,50,13583,13816,13765,1268
1814,50,13590,13811,13763,1269
1815,50,13544,13812,13765,1270
1816,50,13528,13794,13771,1271
1817,50,13518,13809,13756,1272
1818,50,13510,13815,13762,1273
1819,50,13511,13813,13756,1274
1820,50,13584,13789,13744,1275
1821,50,13611,13767,13736,1276
1822,50,13501,13757,13728,1277
1823,50,13493,13752,13709,1278
1824,50,13612,13742,13705,1279
1825,50,13488,13723,13694,1280
1826,50,13492,13717,13690,1281
1827,50,13581,13720,13694,1282
1828,50,13502,13716,13694,1283
1829,50,13493,13715,13682,1284
1830,50,13530,13711,13679,1285
1831,50,13572,13725,13686,1286
1832,50,13529,13714,13698,1287
1833,50,13514,13733,13702,1288
1834,50,13593,13744,13710,1289
1835,50,13541,13740,13709,1290
1836,50,13509,13752,13725,1291
1837,50,13469,13750,13733,1292
1838,50,13602,13759,13730,1293
1839,50,13506,13765,13748,1294
1840,50,13522,13767,13748,1295
1841,50,13549,13762,13749,1296
1842,50,13537,13769,13748,1297
1843,50,13542,13788,13753,1298
1844,50,13570,13825,13758,1299
1845,50,13585,13823,13759,1300
1846,50,13487,13797,13758,1301
1847,50,13505,13790,13738,1302
1848,50,13462,13792,13726,1303
1849,50,13466,13786,13741,1304
1850,50,13473,13791,13735,1305
1851,50,13485,13792,13747,1306
1852,50,13462,13779,13708,1307
1853,50,13466,13782,13741,1308
1854,50,13474,13776,13733,1309
1855,50,13469,13774,13723,1310
1856,50,13471,13772,13707,1311
1857,50,13466,13769,13687,1312
1858,50,13478,13762,13690,1313
1859,50,13453,13743,13684,1314
1860,50,13462,13731,13682,1315
1861,50,13431,13720,13642,1316
1862,50,13437,13777,13646,1336
1863,50,13437,13779,13725,1337
1864,50,13454,13770,13699,1338
1865,50,13461,13776,13699,1339
1866,50,13474,13786,13697,1340
1867,50,13471,13784,13723,1341
1868,50,13471,13785,13695,1342
1869,50,13495,13805,13731,1343
1870,50,13482,13797,13743,1344
1871,50,13455,13801,13714,1345
1872,50,13497,13790,13734,1346
1873,50,13479,13791,13746,1347
1874,50,13484,13799,13720,1348
1875,50,13495,13787,13738,1349
1876,50,13503,13800,13721,1350
1877,50,13438,13815,13689,1351
1878,50,13463,13827,13712,1352
1879,50,13469,13849,13729,1353
1880,50,13485,13802,13738,1354
1881,50,13469,13817,13729,1355
1882,50,13458,13812,13606,1356
1883,50,13470,13804,13722,1357
1884,50,13484,13803,13711,1358
1885,50,13481,13785,13713,1359
1886,50,13486,13809,13707,1360
1887,50,13515,13800,13729,1361
1888,50,13478,13801,13682,1362
1889,50,13493,13787,13675,1363
1890,50,13473,13755,13623,1397
1891,50,13480,13769,13653,1398
1892,50,13509,13805,13713,1413
1893,50,13434,13717,13579,1421
1894,50,13413,13723,13561,1422
1895,50,13467,13792,13682,1441
1896,50,13470,13782,13686,1442
1897,50,13465,13813,13719,1451
1898,50,13514,13821,13777,1453
1899,50,13530,13826,13785,1454
1900,50,13496,13810,13781,1455
1901,50,13502,13847,13785,1456
1902,50,13632,13819,13782,1457
1903,50,13649,13832,13786,1458
1904,50,13587,13827,13786,1459
1905,50,13585,13830,13783,1460
1906,50,13570,13813,13780,1461
1907,50,13627,13839,13794,1462
1908,50,13585,13831,13791,1463
1909,50,13565,13837,13788,1464
1910,50,13519,13842,13785,1465
1911,50,13579,13849,13791,1466
1912,50,13553,13827,13790,1467
1913,50,13549,13836,13784,1468
1914,50,13530,13829,13780,1469
1915,50,13550,13824,13787,1470
1916,50,13569,13829,13778,1471
1917,50,13534,13794,13766,1472
1918,50,13576,13787,13751,1473
1919,50,13493,13776,13730,1474
1920,50,13662,13781,13736,1475
1921,50,13660,13776,13728,1476
1922,50,13681,13749,13730,1477
1923,50,13579,13781,13725,1478
1924,50,13537,13778,13732,1479
1925,50,13494,13753,13718,1480
1926,50,13509,13753,13708,1481
1927,50,13523,13740,13709,1482
1928,50,13497,13735,13701,1483
1929,50,13502,13736,13700,1484
1930,50,13488,13744,13701,1485
1931,50,13509,13747,13707,1486
1932,50,13525,13759,13719,1487
1933,50,13535,13764,13726,1488
1934,50,13513,13773,13733,1489
1935,50,13589,13792,13745,1490
1936,50,13557,13788,13753,1491
1937,50,13546,13788,13760,1492
1938,50,13653,13794,13759,1493
1939,50,13690,13819,13762,1494
1940,50,13591,13804,13765,1495
1941,50,13664,13799,13767,1496
1942,50,13730,13814,13774,1497
1943,50,13623,13809,13778,1498
1944,50,13654,13819,13784,1499
1945,50,13590,13824,13776,1500
1946,50,13553,13818,13782,1501
1947,50,13575,13830,13793,1502
1948,50,13574,13821,13794,1503
1949,50,13569,13823,13786,1504
1950,50,13559,13854,13792,1505
1951,50,13465,13836,13707,1506
1952,50,13496,13846,13773,1507
1953,50,13491,13826,13700,1508
1954,50,13481,13814,13727,1509
1955,50,13492,13844,13733,1510
1956,50,13491,13839,13700,1511
1957,50,13495,13833,13758,1512
1958,50,13500,13840,13739,1513
1959,50,13494,13833,13732,1514
1960,50,13498,13835,13673,1515
1961,50,13498,13834,13693,1516
1962,50,13493,13837,13729,1517
1963,50,13485,13846,13733,1518
1964,50,13498,13843,13738,1519
1965,50,13485,13837,13697,1520
1966,50,13496,13847,13730,1521
1967,50,13507,13847,13763,1522
1968,50,13494,13847,13685,1523
1969,50,13491,13859,13672,1524
1970,50,13518,13842,13716,1525
1971,50,13522,13853,13759,1526
1972,50,13513,13848,13711,1527
1973,50,13507,13838,13637,1528
1974,50,13643,13823,13783,1529
1975,50,13498,13822,13646,1530
1976,50,13492,13806,13682,1531
1977,50,13472,13793,13623,1532
1978,50,13477,13789,13647,1533
1979,50,13462,13784,13556,1534
1980,50,13461,13782,13597,1535
1981,50,13453,13772,13615,1536
1982,50,13447,13752,13609,1537
1983,50,13458,13759,13567,1538
1984,50,13428,13733,13560,1539
1985,50,13453,13747,13597,1540
1986,50,13453,13742,13621,1541
1987,50,13466,13749,13680,1542
1988,50,13463,13772,13650,1543
1989,50,13445,13759,13546,1544
1990,50,13453,13764,13575,1545
1991,50,13449,13768,13597,1546
1992,50,13462,13767,13611,1547
1993,50,13562,13880,13771,1548
1994,50,13566,13833,13769,1549
1995,50,13642,13857,13773,1550
1996,50,13675,13851,13781,1551
1997,50,13652,13841,13793,1552
1998,50,13551,13845,13806,1553
1999,50,13520,13857,13804,1554
2000,50,13576,13874,13819,1555
2001,50,13562,13874,13822,1556
2002,50,13565,13873,13817,1557
2003,50,13581,13856,13826,1558
2004,50,13515,13858,13810,1559
2005,50,13536,13854,13812,1560
2006,50,13521,13857,13821,1561
2007,50,13551,13859,13811,1562
2008,50,13615,13870,13823,1563
2009,50,13593,13891,13817,1564
2010,50,13587,13876,13818,1565
2011,50,13578,13865,13812,1566
2012,50,13533,13843,13777,1568
2013,50,13567,13837,13775,1569
2014,50,13534,13824,13758,1570
2015,50,13524,13803,13739,1571
2016,50,13515,13791,13737,1572
2017,50,13525,13780,13735,1573
2018,50,13550,13778,13739,1574
2019,50,13540,13758,13739,1575
2020,50,13498,13754,13731,1576
2021,50,13517,13757,13730,1577
2022,50,13549,13759,13737,1578
2023,50,13567,13771,13738,1579
2024,50,13563,13771,13742,1580
2025,50,13499,13783,13739,1581
2026,50,13537,13786,13752,1582
2027,50,13516,13803,13757,1583
2028,50,13513,13814,13763,1584
2029,50,13481,13819,13735,1586
2030,50,13516,13816,13772,1587
2031,50,13525,13828,13776,1588
2032,50,13533,13825,13789,1589
2033,50,13534,13821,13790,1590
2034,50,13551,13847,13793,1591
2035,50,13512,13842,13794,1592
2036,50,13524,13848,13795,1593
2037,50,13520,13851,13803,1594
2038,50,13507,13852,13790,1595
2039,50,13561,13846,13783,1596
2040,50,13544,13842,13783,1597
2041,50,13580,13858,13788,1598
2042,50,13522,13846,13786,1599
2043,50,13500,13848,13773,1600
2044,50,13506,13847,13770,1601
2045,50,13509,13853,13760,1602
2046,50,13512,13853,13732,1603
2047,50,13520,13849,13710,1604
2048,50,13543,13849,13746,1605
2049,50,13534,13844,13760,1606
2050,50,13545,13820,13725,1607
2051,50,13513,13852,13755,1608
2052,50,13541,13840,13769,1609
2053,50,13550,13821,13750,1610
2054,50,13543,13813,13755,1611
2055,50,13542,13821,13752,1612
2056,50,13551,13844,13778,1613
2057,50,13558,13853,13783,1614
2058,50,13518,13859,13730,1615
2059,50,13526,13856,13715,1616
2060,50,13524,13852,13712,1617
2061,50,13539,13849,13760,1618
2062,50,13526,13845,13756,1619
2063,50,13525,13827,13743,1620
2064,50,13516,13817,13724,1621
2065,50,13529,13794,13727,1622
2066,50,13491,13782,13727,1623
2067,50,13454,13765,13553,1624
2068,50,13503,13777,13728,1625
2069,50,13464,13776,13612,1626
2070,50,13464,13768,13582,1627
2071,50,13471,13750,13589,1628
2072,50,13511,13756,13709,1629
2073,50,13467,13764,13640,1630
2074,50,13532,13748,13718,1631
2075,50,13550,13748,13715,1632
2076,50,13445,13762,13579,1633
2077,50,13550,13761,13725,1634
2078,50,13529,13760,13716,1635
2079,50,13512,13756,13715,1636
2080,50,13464,13752,13638,1638
2081,50,13461,13756,13578,1639
2082,50,13459,13798,13572,1640
2083,50,13455,13773,13605,1641
2084,50,13526,13858,13769,1642
2085,50,13532,13853,13778,1643
2086,50,13573,13841,13764,1644
2087,50,13536,13864,13772,1645
2088,50,13539,13854,13766,1646
2089,50,13613,13878,13786,1647
2090,50,13608,13881,13796,1648
2091,50,13533,13863,13798,1649
2092,50,13536,13877,13812,1650
2093,50,13512,13874,13807,1651
2094,50,13538,13854,13799,1652
2095,50,13546,13845,13786,1653
2096,50,13482,13849,13632,1654
2097,50,13497,13845,13633,1655
2098,50,13484,13854,13637,1656
2099,50,13498,13837,13650,1657
2100,50,13499,13851,13654,1658
2101,50,13505,13831,13612,1659
2102,50,13565,13854,13805,1660
2103,50,13533,13849,13794,1661
2104,50,13598,13848,13791,1662
2105,50,13495,13849,13663,1663
2106,50,13505,13842,13707,1664
2107,50,13488,13841,13603,1665
2108,50,13504,13843,13753,1666
2109,50,13499,13816,13638,1667
2110,50,13507,13826,13690,1668
2111,50,13518,13824,13663,1669
2112,50,13517,13829,13623,1670
2113,50,13505,13832,13678,1671
2114,50,13524,13837,13685,1672
2115,50,13528,13832,13648,1673
2116,50,13516,13815,13631,1674
2117,50,13488,13778,13561,1675
2118,50,13539,13775,13701,1676
2119,50,13729,13872,13790,1677
2120,50,13692,13962,13822,1678
2121,50,13722,13869,13814,1679
2122,50,13788,13930,13834,1686
2123,50,13559,13872,13710,1687
2124,50,13568,13816,13696,1688
2125,50,13640,13796,13720,1689
2126,50,13638,13757,13722,1690
2127,50,13674,13843,13774,1691
2128,50,13592,13808,13734,1692
2129,50,13642,13804,13729,1693
2130,50,13616,13873,13746,1694
2131,50,13744,13940,13813,1695
2132,50,13709,13952,13845,1696
2133,50,13723,13936,13842,1697
2134,50,13613,13943,13851,1698
2135,50,13669,13938,13853,1699
2136,50,13622,13892,13818,1700
2137,50,13661,13909,13837,1701
2138,50,13621,13914,13799,1702
2139,50,13656,13853,13790,1703
2140,50,13700,13872,13824,1704
2141,50,13700,13890,13819,1705
2142,50,13676,13930,13823,1706
2143,50,13669,13904,13823,1707
2144,50,13645,13893,13809,1708
2145,50,13576,13840,13721,1709
2146,50,13799,13928,13857,1710
2147,50,13642,13863,13730,1711
2148,50,13621,13890,13759,1712
2149,50,13513,13887,13654,1713
2150,50,13610,13962,13781,1714
2151,50,13030,13118,13081,2124
2152,50,12989,13085,13046,2125
2153,50,13647,15702,14395,2309
2154,50,14241,18707,16422,2310
2155,50,14282,22139,17848,2311
2156,50,12717,12882,12774,2392
2157,50,12605,13531,13110,2396
2158,50,12969,13167,13100,2397
2159,50,12442,12954,12540,2430
2160,50,12444,13635,12895,2431
2161,50,13089,14393,14051,2432
2162,50,12298,14899,13193,2434
